"row_id","split","cv_fold"
1,"train",1
2,"train",2
3,"train",3
4,"train",4
5,"test",
6,"train",5
7,"train",6
8,"train",7
9,"train",8
10,"test",
11,"train",9
12,"train",10
13,"train",1
14,"train",2
15,"test",
16,"train",3
17,"train",4
18,"train",5
19,"train",6
20,"test",
21,"train",7
22,"train",8
23,"train",9
24,"train",10
25,"test",
26,"train",1
27,"train",2
28,"train",3
29,"train",4
30,"test",
31,"train",5
32,"train",6
33,"train",7
34,"train",8
35,"test",
36,"train",9
37,"train",10
38,"train",1
39,"train",2
40,"test",
41,"train",3
42,"train",4
43,"train",5
44,"train",6
45,"test",
46,"train",7
47,"train",8
48,"train",9
49,"train",10
50,"test",
51,"train",1
52,"train",2
53,"train",3
54,"train",4
55,"test",
56,"train",5
57,"train",6
58,"train",7
59,"train",8
60,"test",
61,"train",9
62,"train",10
63,"train",1
64,"train",2
65,"test",
66,"train",3
67,"train",4
68,"train",5
69,"train",6
70,"test",
71,"train",7
72,"train",8
73,"train",9
74,"train",10
75,"test",
76,"train",1
77,"train",2
78,"train",3
79,"train",4
80,"test",
81,"train",5
82,"train",6
83,"train",7
84,"train",8
85,"test",
86,"train",9
87,"train",10
88,"train",1
89,"train",2
90,"test",
91,"train",3
92,"train",4
93,"train",5
94,"train",6
95,"test",
96,"train",7
97,"train",8
98,"train",9
99,"train",10
100,"test",
101,"train",1
102,"train",2
103,"train",3
104,"train",4
105,"test",
106,"train",5
107,"train",6
108,"train",7
109,"train",8
110,"test",
111,"train",9
112,"train",10
113,"train",1
114,"train",2
115,"test",
116,"train",3
117,"train",4
118,"train",5
119,"train",6
120,"test",
121,"train",7
122,"train",8
123,"train",9
124,"train",10
125,"test",
126,"train",1
127,"train",2
128,"train",3
129,"train",4
130,"test",
131,"train",5
132,"train",6
133,"train",7
134,"train",8
135,"test",
136,"train",9
137,"train",10
138,"train",1
139,"train",2
140,"test",
141,"train",3
142,"train",4
143,"train",5
144,"train",6
145,"test",
146,"train",7
147,"train",8
148,"train",9
149,"train",10
150,"test",
151,"train",1
152,"train",2
153,"train",3
154,"train",4
155,"test",
156,"train",5
157,"train",6
158,"train",7
159,"train",8
160,"test",
161,"train",9
162,"train",10
163,"train",1
164,"train",2
165,"test",
166,"train",3
167,"train",4
168,"train",5
169,"train",6
170,"test",
171,"train",7
172,"train",8
173,"train",9
174,"train",10
175,"test",
176,"train",1
177,"train",2
178,"train",3
179,"train",4
180,"test",
181,"train",5
182,"train",6
183,"train",7
184,"train",8
185,"test",
186,"train",9
187,"train",10
188,"train",1
189,"train",2
190,"test",
191,"train",3
192,"train",4
193,"train",5
194,"train",6
195,"test",
196,"train",7
197,"train",8
198,"train",9
199,"train",10
200,"test",
201,"train",1
202,"train",2
203,"train",3
204,"train",4
205,"test",
206,"train",5
207,"train",6
208,"train",7
209,"train",8
210,"test",
211,"train",9
212,"train",10
213,"train",1
214,"train",2
215,"test",
216,"train",3
217,"train",4
218,"train",5
219,"train",6
220,"test",
221,"train",7
222,"train",8
223,"train",9
224,"train",10
225,"test",
226,"train",1
227,"train",2
228,"train",3
229,"train",4
230,"test",
231,"train",5
232,"train",6
233,"train",7
234,"train",8
235,"test",
236,"train",9
237,"train",10
238,"train",1
239,"train",2
240,"test",
241,"train",3
242,"train",4
243,"train",5
244,"train",6
245,"test",
246,"train",7
247,"train",8
248,"train",9
249,"train",10
250,"test",
251,"train",1
252,"train",2
253,"train",3
254,"train",4
255,"test",
256,"train",5
257,"train",6
258,"train",7
259,"train",8
260,"test",
261,"train",9
262,"train",10
263,"train",1
264,"train",2
265,"test",
266,"train",3
267,"train",4
268,"train",5
269,"train",6
270,"test",
271,"train",7
272,"train",8
273,"train",9
274,"train",10
275,"test",
276,"train",1
277,"train",2
278,"train",3
279,"train",4
280,"test",
281,"train",5
282,"train",6
283,"train",7
284,"train",8
285,"test",
286,"train",9
287,"train",10
288,"train",1
289,"train",2
290,"test",
291,"train",3
292,"train",4
293,"train",5
294,"train",6
295,"test",
296,"train",7
297,"train",8
298,"train",9
299,"train",10
300,"test",
301,"train",1
302,"train",2
303,"train",3
304,"train",4
305,"test",
306,"train",5
307,"train",6
308,"train",7
309,"train",8
310,"test",
311,"train",9
312,"train",10
313,"train",1
314,"train",2
315,"test",
316,"train",3
317,"train",4
318,"train",5
319,"train",6
320,"test",
321,"train",7
322,"train",8
323,"train",9
324,"train",10
325,"test",
326,"train",1
327,"train",2
328,"train",3
329,"train",4
330,"test",
331,"train",5
332,"train",6
333,"train",7
334,"train",8
335,"test",
336,"train",9
337,"train",10
338,"train",1
339,"train",2
340,"test",
341,"train",3
342,"train",4
343,"train",5
344,"train",6
345,"test",
346,"train",7
347,"train",8
348,"train",9
349,"train",10
350,"test",
351,"train",1
352,"train",2
353,"train",3
354,"train",4
355,"test",
356,"train",5
357,"train",6
358,"train",7
359,"train",8
360,"test",
361,"train",9
362,"train",10
363,"train",1
364,"train",2
365,"test",
366,"train",3
367,"train",4
368,"train",5
369,"train",6
370,"test",
371,"train",7
372,"train",8
373,"train",9
374,"train",10
375,"test",
376,"train",1
377,"train",2
378,"train",3
379,"train",4
380,"test",
381,"train",5
382,"train",6
383,"train",7
384,"train",8
385,"test",
386,"train",9
387,"train",10
388,"train",1
389,"train",2
390,"test",
391,"train",3
392,"train",4
393,"train",5
394,"train",6
395,"test",
396,"train",7
397,"train",8
398,"train",9
399,"train",10
400,"test",
401,"train",1
402,"train",2
403,"train",3
404,"train",4
405,"test",
406,"train",5
407,"train",6
408,"train",7
409,"train",8
410,"test",
411,"train",9
412,"train",10
413,"train",1
414,"train",2
