"row","split"
1,"test"
2,"train"
3,"test"
4,"test"
5,"train"
6,"test"
7,"train"
8,"train"
9,"train"
10,"train"
11,"train"
12,"train"
13,"train"
14,"train"
15,"train"
16,"test"
17,"train"
18,"test"
19,"train"
20,"test"
21,"train"
22,"train"
23,"train"
24,"train"
25,"test"
26,"train"
27,"test"
28,"train"
29,"train"
30,"train"
31,"test"
32,"test"
33,"train"
34,"test"
35,"train"
36,"train"
37,"train"
38,"train"
39,"test"
40,"test"
41,"test"
42,"train"
43,"test"
44,"train"
45,"train"
46,"test"
47,"test"
48,"train"
49,"train"
50,"test"
51,"train"
52,"train"
53,"train"
54,"train"
55,"train"
56,"train"
57,"train"
58,"test"
59,"train"
60,"train"
61,"test"
62,"test"
63,"train"
64,"train"
65,"test"
66,"train"
67,"train"
68,"test"
69,"train"
70,"train"
71,"train"
72,"test"
73,"test"
74,"test"
75,"train"
76,"train"
77,"train"
78,"train"
79,"test"
80,"test"
81,"train"
82,"train"
83,"train"
84,"train"
85,"train"
86,"test"
87,"train"
88,"test"
89,"train"
90,"test"
91,"test"
92,"test"
93,"train"
94,"test"
95,"train"
96,"train"
97,"train"
98,"train"
99,"train"
100,"train"
101,"train"
102,"train"
103,"test"
104,"train"
105,"train"
106,"test"
107,"train"
108,"train"
109,"train"
110,"test"
111,"train"
112,"train"
113,"train"
114,"train"
115,"train"
116,"train"
117,"train"
118,"train"
119,"train"
120,"test"
121,"train"
122,"train"
123,"train"
124,"train"
125,"train"
126,"train"
127,"train"
128,"train"
129,"train"
130,"train"
131,"train"
132,"train"
133,"test"
134,"train"
135,"train"
136,"train"
137,"test"
138,"train"
139,"train"
140,"test"
141,"test"
142,"test"
143,"train"
144,"test"
145,"test"
146,"train"
147,"test"
148,"train"
149,"train"
150,"train"
151,"train"
152,"test"
153,"train"
154,"train"
155,"test"
156,"train"
157,"test"
158,"train"
159,"train"
160,"train"
161,"train"
162,"train"
163,"train"
164,"train"
165,"train"
166,"test"
167,"train"
168,"train"
169,"train"
170,"test"
171,"test"
172,"train"
173,"train"
174,"train"
175,"test"
176,"train"
177,"train"
178,"train"
179,"train"
180,"train"
181,"test"
182,"test"
183,"test"
184,"train"
185,"train"
186,"train"
187,"train"
188,"train"
189,"train"
190,"train"
191,"train"
192,"train"
193,"train"
194,"test"
195,"train"
196,"train"
197,"train"
198,"train"
199,"train"
200,"test"
201,"test"
202,"train"
203,"train"
204,"test"
205,"test"
206,"train"
207,"train"
208,"train"
209,"train"
210,"train"
211,"test"
212,"train"
213,"train"
214,"train"
215,"test"
216,"test"
217,"test"
218,"train"
219,"train"
220,"test"
221,"train"
222,"test"
223,"train"
224,"test"
225,"test"
226,"train"
227,"train"
228,"test"
229,"train"
230,"train"
231,"train"
232,"test"
233,"test"
234,"test"
235,"test"
236,"train"
237,"train"
238,"train"
239,"train"
240,"train"
241,"train"
242,"train"
243,"train"
244,"test"
245,"train"
246,"train"
247,"train"
248,"train"
249,"train"
250,"train"
251,"train"
252,"train"
253,"train"
254,"train"
255,"train"
256,"train"
257,"train"
258,"train"
259,"train"
260,"train"
261,"test"
262,"train"
263,"train"
264,"test"
265,"test"
266,"train"
267,"test"
268,"train"
269,"test"
270,"test"
271,"train"
272,"train"
273,"train"
274,"train"
275,"test"
276,"train"
277,"train"
278,"train"
279,"train"
280,"train"
281,"train"
282,"train"
283,"test"
284,"train"
285,"train"
286,"train"
287,"train"
288,"test"
289,"test"
290,"train"
291,"test"
292,"train"
293,"train"
294,"test"
295,"test"
296,"train"
297,"train"
298,"train"
299,"train"
300,"train"
301,"train"
302,"train"
303,"train"
304,"test"
305,"test"
306,"train"
307,"test"
308,"train"
309,"train"
310,"train"
311,"train"
312,"train"
313,"train"
314,"train"
315,"train"
316,"test"
317,"test"
318,"test"
319,"train"
320,"train"
321,"train"
322,"train"
323,"train"
324,"train"
325,"test"
326,"train"
327,"train"
328,"train"
329,"train"
330,"train"
331,"test"
332,"train"
333,"train"
334,"train"
335,"train"
336,"train"
337,"train"
338,"train"
339,"test"
340,"train"
341,"train"
342,"train"
343,"test"
344,"train"
345,"train"
346,"train"
347,"test"
348,"test"
349,"train"
350,"train"
351,"train"
352,"train"
353,"test"
354,"train"
355,"train"
356,"train"
357,"train"
358,"train"
359,"train"
360,"train"
361,"train"
362,"train"
363,"train"
364,"train"
365,"train"
366,"train"
367,"train"
368,"test"
369,"test"
370,"train"
371,"test"
372,"train"
373,"train"
374,"train"
375,"train"
376,"train"
377,"test"
378,"train"
379,"train"
380,"train"
381,"test"
382,"train"
383,"train"
384,"train"
385,"train"
386,"test"
387,"test"
388,"train"
389,"test"
390,"train"
391,"test"
392,"train"
393,"train"
394,"train"
395,"train"
396,"test"
397,"train"
398,"train"
399,"train"
400,"train"
401,"test"
402,"train"
403,"train"
404,"train"
405,"test"
406,"test"
407,"test"
408,"train"
409,"train"
410,"train"
411,"train"
412,"train"
413,"test"
414,"test"
415,"train"
416,"train"
417,"train"
418,"test"
419,"train"
420,"train"
421,"train"
422,"train"
423,"test"
424,"test"
425,"train"
426,"train"
427,"test"
428,"test"
429,"train"
430,"train"
431,"train"
432,"train"
433,"test"
434,"test"
435,"train"
436,"train"
437,"train"
438,"train"
439,"train"
440,"test"
441,"train"
442,"test"
443,"test"
444,"train"
445,"train"
446,"train"
447,"train"
448,"train"
449,"test"
450,"train"
451,"train"
452,"train"
453,"train"
454,"test"
455,"train"
456,"train"
457,"train"
458,"train"
459,"test"
460,"test"
461,"train"
462,"train"
463,"test"
464,"train"
465,"train"
466,"test"
467,"test"
468,"train"
469,"train"
470,"test"
471,"test"
472,"train"
473,"train"
474,"train"
475,"train"
476,"train"
477,"test"
478,"train"
479,"test"
480,"train"
481,"test"
482,"test"
483,"train"
484,"train"
485,"train"
486,"test"
487,"train"
488,"train"
489,"train"
490,"test"
491,"train"
492,"test"
493,"train"
494,"test"
495,"test"
496,"train"
497,"test"
498,"test"
499,"train"
500,"train"
501,"train"
502,"train"
503,"test"
504,"train"
505,"train"
506,"test"
507,"train"
508,"train"
509,"train"
510,"test"
511,"test"
512,"train"
513,"train"
514,"test"
515,"train"
516,"test"
517,"train"
518,"test"
519,"test"
520,"train"
521,"test"
522,"train"
523,"train"
524,"train"
525,"test"
526,"test"
527,"train"
528,"train"
529,"train"
530,"train"
531,"test"
532,"train"
533,"train"
534,"test"
535,"train"
536,"test"
537,"train"
538,"train"
539,"test"
540,"train"
541,"train"
542,"train"
543,"train"
544,"train"
545,"train"
546,"train"
547,"train"
548,"train"
549,"test"
550,"train"
551,"train"
552,"train"
553,"test"
554,"test"
555,"train"
556,"train"
557,"test"
558,"train"
559,"train"
560,"train"
561,"test"
562,"test"
563,"train"
564,"test"
565,"train"
566,"train"
567,"test"
568,"train"
569,"train"
