mean_radius,mean_texture,mean_smoothness,y
17.99,10.38,0.1184,1
20.57,17.77,0.08474,1
19.69,21.25,0.1096,1
11.42,20.38,0.1425,1
20.29,14.34,0.1003,1
12.45,15.7,0.1278,1
18.25,19.98,0.09463,1
13.71,20.83,0.1189,1
13.0,21.82,0.1273,1
12.46,24.04,0.1186,1
16.02,23.24,0.08206,1
15.78,17.89,0.0971,1
19.17,24.8,0.0974,1
15.85,23.95,0.08401,1
13.73,22.61,0.1131,1
14.54,27.54,0.1139,1
14.68,20.13,0.09867,1
16.13,20.68,0.117,1
19.81,22.15,0.09831,1
13.54,14.36,0.09779,0
13.08,15.71,0.1075,0
9.504,12.44,0.1024,0
15.34,14.26,0.1073,1
21.16,23.04,0.09428,1
16.65,21.38,0.1121,1
17.14,16.4,0.1186,1
14.58,21.53,0.1054,1
18.61,20.25,0.0944,1
15.3,25.27,0.1082,1
17.57,15.05,0.09847,1
18.63,25.11,0.1064,1
11.84,18.7,0.1109,1
17.02,23.98,0.1197,1
19.27,26.47,0.09401,1
16.13,17.88,0.104,1
16.74,21.59,0.0961,1
14.25,21.72,0.09823,1
13.03,18.42,0.08983,0
14.99,25.2,0.09387,1
13.48,20.82,0.1016,1
13.44,21.58,0.08162,1
10.95,21.35,0.1227,1
19.07,24.81,0.09081,1
13.28,20.28,0.1041,1
13.17,21.81,0.09714,1
18.65,17.6,0.1099,1
8.196,16.84,0.086,0
13.17,18.66,0.1158,1
12.05,14.63,0.1031,0
13.49,22.3,0.08752,0
11.76,21.6,0.08637,0
13.64,16.34,0.07685,0
11.94,18.24,0.08261,0
18.22,18.7,0.1148,1
15.1,22.02,0.09056,1
11.52,18.75,0.09524,0
19.21,18.57,0.1053,1
14.71,21.59,0.1137,1
13.05,19.31,0.0806,0
8.618,11.79,0.09752,0
10.17,14.88,0.1134,0
8.598,20.98,0.1243,0
14.25,22.15,0.1049,1
9.173,13.86,0.07721,0
12.68,23.84,0.1122,1
14.78,23.94,0.1172,1
9.465,21.01,0.1044,0
11.31,19.04,0.08139,0
9.029,17.33,0.1066,0
12.78,16.49,0.09831,0
18.94,21.31,0.09009,1
8.888,14.64,0.09783,0
17.2,24.52,0.1071,1
13.8,15.79,0.1007,1
12.31,16.52,0.09172,0
16.07,19.65,0.09168,1
13.53,10.94,0.1291,0
18.05,16.15,0.1065,1
20.18,23.97,0.1286,1
12.86,18.0,0.09934,0
11.45,20.97,0.1102,0
13.34,15.86,0.1078,0
25.22,24.91,0.1063,1
19.1,26.29,0.1215,1
12.0,15.65,0.09723,0
18.46,18.52,0.09874,1
14.48,21.46,0.09444,1
19.02,24.59,0.09029,1
12.36,21.8,0.08772,0
14.64,15.24,0.1132,0
14.62,24.02,0.08974,0
15.37,22.76,0.092,1
13.27,14.76,0.07355,0
13.45,18.3,0.1022,0
15.06,19.83,0.1039,1
20.26,23.03,0.09078,1
12.18,17.84,0.1045,0
9.787,19.94,0.1024,0
11.6,12.84,0.08983,0
14.42,19.77,0.09752,1
13.61,24.98,0.09488,1
6.981,13.43,0.117,0
12.18,20.52,0.08013,0
9.876,19.4,0.1005,0
10.49,19.29,0.09989,0
13.11,15.56,0.1398,1
11.64,18.33,0.1142,0
12.36,18.54,0.08477,0
22.27,19.67,0.1326,1
11.34,21.26,0.08759,0
9.777,16.99,0.1037,0
12.63,20.76,0.09933,0
14.26,19.65,0.07837,0
10.51,20.19,0.1122,0
8.726,15.83,0.115,0
11.93,21.53,0.09768,0
8.95,15.76,0.09462,0
14.87,16.67,0.1162,1
15.78,22.91,0.1155,1
17.95,20.01,0.08402,1
11.41,10.82,0.09373,0
18.66,17.12,0.1054,1
24.25,20.2,0.1447,1
14.5,10.89,0.1101,0
13.37,16.39,0.07115,0
13.85,17.21,0.08785,0
13.61,24.69,0.09258,1
19.0,18.91,0.08217,1
15.1,16.39,0.115,0
19.79,25.12,0.1015,1
12.19,13.29,0.1066,0
15.46,19.48,0.1092,1
16.16,21.54,0.1008,1
15.71,13.93,0.09462,0
18.45,21.91,0.0943,1
12.77,22.47,0.09055,1
11.71,16.67,0.1051,0
11.43,15.39,0.09639,0
14.95,17.57,0.1167,1
11.28,13.39,0.1164,0
9.738,11.97,0.0925,0
16.11,18.05,0.09721,1
11.43,17.31,0.1092,0
12.9,15.92,0.08677,0
10.75,14.97,0.07793,0
11.9,14.65,0.1152,0
11.8,16.58,0.1091,1
14.95,18.77,0.08138,0
14.44,15.18,0.0997,0
13.74,17.91,0.07944,0
13.0,20.78,0.1135,0
8.219,20.7,0.09405,0
9.731,15.34,0.1072,0
11.15,13.08,0.09754,0
13.15,15.34,0.09384,0
12.25,17.94,0.08654,0
17.68,20.74,0.1115,1
16.84,19.46,0.07445,0
12.06,12.74,0.09311,0
10.9,12.96,0.07515,0
11.75,20.18,0.1089,0
19.19,15.94,0.08694,1
19.59,18.15,0.112,1
12.34,22.22,0.1012,0
23.27,22.04,0.08439,1
14.97,19.76,0.08421,0
10.8,9.71,0.09594,0
16.78,18.8,0.08865,1
17.47,24.68,0.1049,1
14.97,16.95,0.09855,0
12.32,12.39,0.1028,0
13.43,19.63,0.09048,1
15.46,11.89,0.1257,1
11.08,14.71,0.1006,0
10.66,15.15,0.08792,0
8.671,14.45,0.09138,0
9.904,18.06,0.09699,0
16.46,20.11,0.09831,1
13.01,22.22,0.06251,0
12.81,13.06,0.08739,0
27.22,21.87,0.1094,1
21.09,26.57,0.1141,1
15.7,20.31,0.09597,1
11.41,14.92,0.09059,0
15.28,22.41,0.09057,1
10.08,15.11,0.09267,0
18.31,18.58,0.08588,1
11.71,17.19,0.09774,0
11.81,17.39,0.1007,0
12.3,15.9,0.0808,0
14.22,23.12,0.1075,1
12.77,21.41,0.08749,0
9.72,18.22,0.0695,0
12.34,26.86,0.1034,1
14.86,23.21,0.1044,1
12.91,16.33,0.07941,0
13.77,22.29,0.12,1
18.08,21.84,0.07371,1
19.18,22.49,0.08523,1
14.45,20.22,0.09872,1
12.23,19.56,0.09586,0
17.54,19.32,0.08968,1
23.29,26.67,0.1141,1
13.81,23.75,0.1323,1
12.47,18.6,0.09965,0
15.12,16.68,0.08876,1
9.876,17.27,0.1089,0
17.01,20.26,0.08772,1
13.11,22.54,0.1002,0
15.27,12.91,0.08182,0
20.58,22.14,0.0909,1
11.84,18.94,0.08871,0
28.11,18.47,0.1142,1
17.42,25.56,0.1006,1
14.19,23.81,0.09463,1
13.86,16.93,0.1026,1
11.89,18.35,0.09363,0
10.2,17.48,0.08054,0
19.8,21.56,0.09383,1
19.53,32.47,0.0842,1
13.65,13.16,0.09646,0
13.56,13.9,0.1051,0
10.18,17.53,0.1061,0
15.75,20.25,0.1025,1
13.27,17.02,0.08445,0
14.34,13.47,0.09906,0
10.44,15.46,0.1053,0
15.0,15.51,0.08371,0
12.62,23.97,0.07903,0
12.83,22.33,0.1088,1
17.05,19.08,0.1141,1
11.32,27.08,0.06883,0
11.22,33.81,0.0778,0
20.51,27.81,0.09159,1
9.567,15.91,0.08464,0
14.03,21.25,0.0907,0
23.21,26.97,0.09509,1
20.48,21.46,0.08355,1
14.22,27.85,0.08223,0
17.46,39.28,0.09812,1
13.64,15.6,0.09423,0
12.42,15.04,0.07926,0
11.3,18.19,0.09592,0
13.75,23.77,0.08043,0
19.4,23.5,0.1027,1
10.48,19.86,0.107,0
13.2,17.43,0.07215,0
12.89,14.11,0.0876,0
10.65,25.22,0.09657,0
11.52,14.93,0.1013,0
20.94,23.56,0.1007,1
11.5,18.45,0.09345,0
19.73,19.82,0.1062,1
17.3,17.08,0.1008,1
19.45,19.33,0.1035,1
13.96,17.05,0.1096,1
19.55,28.77,0.0926,1
15.32,17.27,0.1335,1
15.66,23.2,0.1109,1
15.53,33.56,0.1063,1
20.31,27.06,0.1,1
17.35,23.06,0.08662,1
17.29,22.13,0.08999,1
15.61,19.38,0.0784,1
17.19,22.07,0.09726,1
20.73,31.12,0.09469,1
10.6,18.95,0.09688,0
13.59,21.84,0.07956,0
12.87,16.21,0.09425,0
10.71,20.39,0.1082,0
14.29,16.82,0.06429,0
11.29,13.04,0.09834,0
21.75,20.99,0.09401,1
9.742,15.67,0.09037,0
17.93,24.48,0.08855,1
11.89,17.36,0.1225,0
11.33,14.16,0.09379,0
18.81,19.98,0.08923,1
13.59,17.84,0.07948,0
13.85,15.18,0.09516,0
19.16,26.6,0.102,1
11.74,14.02,0.07813,0
19.4,18.18,0.1037,1
16.24,18.77,0.1066,1
12.89,15.7,0.07818,0
12.58,18.4,0.08393,0
11.94,20.76,0.08605,0
12.89,13.12,0.06955,0
11.26,19.96,0.0802,0
11.37,18.89,0.08713,0
14.41,19.73,0.08757,0
14.96,19.1,0.08992,0
12.95,16.02,0.1005,0
11.85,17.46,0.08372,0
12.72,13.78,0.09667,0
13.77,13.27,0.09198,0
10.91,12.35,0.08518,0
11.76,18.14,0.09968,1
14.26,18.17,0.06576,0
10.51,23.09,0.1015,0
19.53,18.9,0.115,1
12.46,19.89,0.08451,0
20.09,23.86,0.108,1
10.49,18.61,0.1068,0
11.46,18.16,0.08853,0
11.6,24.49,0.07474,0
13.2,15.82,0.08511,0
9.0,14.4,0.07005,0
13.5,12.71,0.07376,0
13.05,13.84,0.08352,0
11.7,19.11,0.08814,0
14.61,15.69,0.07618,0
12.76,13.37,0.08794,0
11.54,10.72,0.08597,0
8.597,18.6,0.1074,0
12.49,16.85,0.08511,0
12.18,14.08,0.07734,0
18.22,18.87,0.09746,1
9.042,18.9,0.09968,0
12.43,17.0,0.07557,0
10.25,16.18,0.1061,0
20.16,19.66,0.0802,1
12.86,13.32,0.1134,0
20.34,21.51,0.117,1
12.2,15.21,0.08673,0
12.67,17.3,0.1028,0
14.11,12.88,0.09309,0
12.03,17.93,0.07683,0
16.27,20.71,0.1169,1
16.26,21.88,0.1165,1
16.03,15.51,0.09491,1
12.98,19.35,0.09579,0
11.22,19.86,0.1054,0
11.25,14.78,0.08306,0
12.3,19.02,0.08313,0
17.06,21.0,0.1119,1
12.99,14.23,0.09462,0
18.77,21.43,0.09116,1
10.05,17.53,0.1007,0
23.51,24.27,0.1069,1
14.42,16.54,0.09751,0
9.606,16.84,0.08481,0
11.06,14.96,0.1033,0
19.68,21.68,0.09797,1
11.71,15.45,0.115,0
10.26,14.71,0.09882,0
12.06,18.9,0.08386,0
14.76,14.74,0.08875,0
11.47,16.03,0.09076,0
11.95,14.96,0.1158,0
11.66,17.07,0.07561,0
15.75,19.22,0.1243,1
25.73,17.46,0.1149,1
15.08,25.74,0.1024,1
11.14,14.07,0.07274,0
12.56,19.07,0.0876,0
13.05,18.59,0.1082,0
13.87,16.21,0.08743,0
8.878,15.49,0.08293,0
9.436,18.32,0.1009,0
12.54,18.07,0.07436,0
13.3,21.57,0.08582,0
12.76,18.84,0.09676,0
16.5,18.29,0.09686,0
13.4,16.95,0.07937,0
20.44,21.78,0.0915,1
20.2,26.83,0.09905,1
12.21,18.02,0.09231,0
21.71,17.25,0.09384,1
22.01,21.9,0.1063,1
16.35,23.29,0.09742,1
15.19,13.21,0.07963,0
21.37,15.1,0.1001,1
20.64,17.35,0.09446,1
13.69,16.07,0.08302,0
16.17,16.07,0.0988,0
10.57,20.22,0.09073,0
13.46,28.21,0.07517,0
13.66,15.15,0.08268,0
11.08,18.83,0.1216,1
11.27,12.96,0.1237,0
11.04,14.93,0.07987,0
12.05,22.72,0.06935,0
12.39,17.48,0.1042,0
13.28,13.72,0.08363,0
14.6,23.29,0.08682,1
12.21,14.09,0.08108,0
13.88,16.16,0.07026,0
11.27,15.5,0.08365,0
19.55,23.21,0.101,1
10.26,12.22,0.09996,0
8.734,16.84,0.1039,0
15.49,19.97,0.116,1
21.61,22.28,0.1167,1
12.1,17.72,0.1029,0
14.06,17.18,0.08045,0
13.51,18.89,0.1059,0
12.8,17.46,0.08044,0
11.06,14.83,0.07741,0
11.8,17.26,0.09087,0
17.91,21.02,0.123,1
11.93,10.91,0.08872,0
12.96,18.29,0.07351,0
12.94,16.17,0.09879,0
12.34,14.95,0.08682,0
10.94,18.59,0.1004,0
16.14,14.86,0.09495,0
12.85,21.37,0.07551,0
17.99,20.66,0.1036,1
12.27,17.92,0.08685,0
11.36,17.57,0.08858,0
11.04,16.83,0.1077,0
9.397,21.68,0.07969,0
14.99,22.11,0.08515,0
15.13,29.81,0.0832,1
11.89,21.17,0.09773,0
9.405,21.7,0.1044,0
15.5,21.08,0.112,1
12.7,12.17,0.08785,0
11.16,21.41,0.1018,0
11.57,19.04,0.08546,0
14.69,13.98,0.1031,0
11.61,16.02,0.1088,0
13.66,19.13,0.09057,0
9.742,19.12,0.1075,0
10.03,21.28,0.08117,0
10.48,14.98,0.09816,0
10.8,21.98,0.08801,0
11.13,16.62,0.08151,0
12.72,17.67,0.07896,0
14.9,22.53,0.09947,1
12.4,17.68,0.1054,0
20.18,19.54,0.1133,1
18.82,21.97,0.1018,1
14.86,16.94,0.08924,0
13.98,19.62,0.106,1
12.87,19.54,0.09136,0
14.04,15.98,0.08458,0
13.85,19.6,0.08684,0
14.02,15.66,0.07966,0
10.97,17.2,0.08915,0
17.27,25.42,0.08331,1
13.78,15.79,0.08817,0
10.57,18.32,0.08142,0
18.03,16.85,0.08947,1
11.99,24.89,0.103,0
17.75,28.03,0.09997,1
14.8,17.66,0.09179,0
14.53,19.34,0.08388,0
21.1,20.52,0.09684,1
11.87,21.54,0.06613,0
19.59,25.0,0.1032,1
12.0,28.23,0.08437,0
14.53,13.98,0.1099,0
12.62,17.15,0.08583,0
13.38,30.72,0.09245,0
11.63,29.29,0.09357,0
13.21,25.25,0.08791,0
13.0,25.13,0.08369,0
9.755,28.2,0.07984,0
17.08,27.15,0.09898,1
27.42,26.27,0.1084,1
14.4,26.99,0.06995,0
11.6,18.36,0.08508,0
13.17,18.22,0.07466,0
13.24,20.13,0.08284,0
13.14,20.74,0.08675,0
9.668,18.1,0.08311,0
17.6,23.33,0.09289,1
11.62,18.18,0.1175,0
9.667,18.49,0.08946,0
12.04,28.14,0.08752,0
14.92,14.93,0.08098,0
12.27,29.97,0.07699,0
10.88,15.62,0.1007,0
12.83,15.73,0.0904,0
14.2,20.53,0.08931,0
13.9,16.62,0.06828,0
11.49,14.59,0.1046,0
16.25,19.51,0.1026,1
12.16,18.03,0.09087,0
13.9,19.24,0.07991,0
13.47,14.06,0.1071,0
13.7,17.64,0.0995,0
15.73,11.28,0.1043,0
12.45,16.41,0.09514,0
14.64,16.85,0.08641,0
19.44,18.82,0.1089,1
11.68,16.17,0.1128,0
16.69,20.2,0.07497,1
12.25,22.44,0.08192,0
17.85,13.23,0.07838,0
18.01,20.56,0.1001,1
12.46,12.83,0.07372,0
13.16,20.54,0.07335,0
14.87,20.21,0.09587,0
12.65,18.17,0.1076,0
12.47,17.31,0.08928,0
18.49,17.52,0.1012,1
20.59,21.24,0.1085,1
15.04,16.74,0.09883,0
13.82,24.49,0.1162,1
12.54,16.32,0.1158,0
23.09,19.83,0.09342,1
9.268,12.87,0.1634,0
9.676,13.14,0.1255,0
12.22,20.04,0.1096,0
11.06,17.12,0.1194,0
16.3,15.7,0.09427,0
15.46,23.95,0.1183,1
11.74,14.69,0.08099,0
14.81,14.7,0.08472,0
13.4,20.52,0.1106,1
14.58,13.66,0.09832,0
15.05,19.07,0.09215,1
11.34,18.61,0.1049,0
18.31,20.58,0.1068,1
19.89,20.26,0.1037,1
12.88,18.22,0.1218,0
12.75,16.7,0.1125,0
9.295,13.9,0.1371,0
24.63,21.6,0.103,1
11.26,19.83,0.08511,0
13.71,18.68,0.09916,0
9.847,15.68,0.09492,0
8.571,13.1,0.1036,0
13.46,18.75,0.1075,0
12.34,12.27,0.09003,0
13.94,13.17,0.1248,0
12.07,13.44,0.11,0
11.75,17.56,0.1073,0
11.67,20.02,0.1016,0
13.68,16.33,0.09277,0
20.47,20.67,0.09156,1
10.96,17.62,0.09687,0
20.55,20.86,0.1046,1
14.27,22.55,0.1038,1
11.69,24.44,0.1236,0
7.729,25.49,0.08098,0
7.691,25.44,0.08668,0
11.54,14.44,0.09984,0
14.47,24.99,0.08837,0
14.74,25.42,0.08275,0
13.21,28.06,0.08671,0
13.87,20.7,0.09578,0
13.62,23.23,0.09246,0
10.32,16.35,0.09434,0
10.26,16.58,0.08877,0
9.683,19.34,0.08491,0
10.82,24.21,0.08192,0
10.86,21.48,0.07431,0
11.13,22.44,0.09566,0
12.77,29.43,0.08276,0
9.333,21.94,0.0924,0
12.88,28.92,0.08123,0
10.29,27.61,0.0903,0
10.16,19.59,0.1003,0
9.423,27.88,0.08123,0
14.59,22.68,0.08473,0
11.51,23.93,0.09261,0
14.05,27.15,0.09929,0
11.2,29.37,0.07449,0
15.22,30.62,0.1048,1
20.92,25.09,0.1099,1
21.56,22.39,0.111,1
20.13,28.25,0.0978,1
16.6,28.08,0.08455,1
20.6,29.33,0.1178,1
7.76,24.54,0.05263,0
